,filepath,rocauc,brocauc,prauc,bprauc,f1,tn,fp,fn,tp
0,../logs/eval/439/regression_output_epoch_10_2020-07-29-13-55-30.csv,0.738829495614035,0.7433056325023083,0.7269154844349028,0.7467251004724904,0.547486033519553,112,16,65,49
